,accuracy,cohen-kappa,f1-score,precision,recall,specificity
always_0,0.3391770889410761,0.0,0.0,0.0,0.0,1.0
always_1,0.6608229110589239,0.0,0.7957776914789667,0.6608229110589239,1.0,0.0
max_ensemble_ENMO_HRV,0.8521012293472522,0.6550927919624345,0.8929945677841564,0.8555364070319147,0.9338829965170508,0.692764802404576
mean_ensemble_ENMO_HRV,0.8521714480394681,0.65332712785954,0.8936164637889472,0.8519647273363143,0.9395501682441606,0.6819304083792115
stages,1.0,1.0,1.0,1.0,1.0,1.0
