,accuracy,cohen-kappa,f1-score,precision,recall,specificity
always_0,0.3391770889410761,0.0,0.1266363842922644,0.08479427223526903,0.25,0.75
always_1,0.46729239323507915,0.0,0.15923628970937248,0.11682309830876979,0.25,0.75
always_2,0.07113153521467415,0.0,0.03320392168288561,0.017782883803668537,0.25,0.75
always_3,0.12239898260917056,0.0,0.05452561188385851,0.03059974565229264,0.25,0.75
max_ensemble_ENMO_HRV,0.712971993144575,0.5813448267373242,0.540992568882105,0.6803508631739303,0.5435073048517832,0.8798815395020892
mean_ensemble_ENMO_HRV,0.7168028129087963,0.5880580267690038,0.5354036305868755,0.675400555738563,0.5375999649937451,0.8794495446627495
stages,1.0,1.0,1.0,1.0,1.0,1.0
